Frequency (Hz) - Plot 0,gain 0,gain 20,gain 40,gain 60
1,-120.079949,-104.602619,-74.78867,-69.529282
2,-119.983067,-113.12678,-78.099355,-75.095371
3,-118.131311,-116.601549,-84.143417,-80.934694
4,-122.282616,-115.664298,-86.828933,-83.957176
5,-124.670014,-118.242348,-90.051065,-86.365533
6,-127.241706,-120.713272,-89.866193,-88.072023
7,-128.384973,-121.579223,-91.8019,-89.079633
8,-121.920205,-122.246086,-93.808009,-90.431567
9,-126.362994,-120.203885,-95.053858,-91.824184
10,-125.973004,-122.229062,-95.71197,-92.698427
11,-126.574342,-121.887803,-96.603841,-93.306703
12,-126.521907,-121.921272,-96.889765,-94.780561
13,-127.236033,-122.466041,-97.134148,-94.717901
14,-126.794375,-122.510959,-98.135673,-94.309346
15,-125.339238,-125.905497,-99.829417,-95.900964
16,-127.95931,-125.328034,-98.272603,-96.237332
17,-126.753545,-128.100004,-99.359026,-96.646458
18,-126.106871,-123.14372,-101.990539,-97.698488
19,-127.450186,-123.907061,-101.138715,-98.359952
20,-129.158314,-123.263347,-101.534011,-96.960204
21,-126.414269,-121.871579,-101.776334,-98.586247
22,-130.673832,-125.113875,-102.14979,-99.574315
23,-124.275053,-125.882491,-102.324273,-98.479427
24,-125.115612,-126.754917,-104.356838,-99.589865
25,-124.997683,-125.300362,-103.109154,-99.280321
26,-129.751988,-127.234577,-103.899345,-100.47299
27,-128.901182,-122.265521,-104.776482,-98.546604
28,-125.465563,-123.365602,-104.102474,-100.658527
29,-128.636605,-124.111587,-103.944414,-100.046968
30,-127.342778,-125.129232,-103.640864,-101.131719
31,-125.982561,-123.449011,-104.975729,-102.161009
32,-130.352053,-122.753984,-104.6553,-101.822226
33,-127.850281,-124.097153,-104.732055,-102.350655
34,-126.874019,-124.923136,-104.487493,-102.801955
35,-126.931866,-126.103344,-104.965756,-101.367384
36,-127.820559,-124.870571,-105.652935,-101.752314
37,-128.940088,-125.719779,-105.744482,-101.634351
38,-128.322284,-125.897102,-106.240427,-102.327653
39,-126.344839,-122.966431,-106.180042,-103.303301
40,-125.254871,-122.922457,-107.682548,-101.796255
41,-128.761343,-126.043977,-105.782587,-104.422696
42,-127.197945,-122.210221,-108.638098,-104.442104
43,-127.672857,-122.95593,-106.381017,-104.638043
44,-122.221233,-123.544532,-105.66024,-104.359068
45,-127.796962,-127.338131,-107.605761,-105.860837
46,-127.031142,-125.024445,-106.989594,-103.05255
47,-129.55802,-122.320277,-107.5154,-104.02285
48,-132.123944,-124.804695,-107.874807,-102.774217
49,-124.094857,-124.799859,-106.81614,-103.562626
50,-126.604773,-122.97603,-107.345417,-105.738846
51,-129.226005,-123.897329,-109.842834,-105.707938
52,-126.013058,-123.614937,-107.390277,-104.14212
53,-128.93429,-125.606841,-107.175649,-104.895617
54,-125.935129,-124.052358,-105.939229,-104.043653
55,-126.891016,-121.770336,-106.768254,-102.784481
56,-125.556244,-123.334013,-108.164455,-104.74807
57,-125.760022,-123.549171,-108.262747,-105.091032
58,-130.037426,-123.219353,-110.604714,-105.712652
59,-125.509847,-123.770691,-107.987055,-106.391038
60,-127.365454,-125.356765,-108.66189,-100.960679
61,-127.767684,-124.309107,-108.839014,-106.395521
62,-126.65957,-126.351859,-108.867792,-103.485109
63,-125.152496,-121.427705,-108.735868,-104.321786
64,-128.302556,-125.240135,-108.090228,-104.541278
65,-125.294331,-124.115887,-109.450321,-106.942119
66,-126.35796,-123.593196,-109.896458,-105.755797
67,-128.156366,-126.459423,-108.479848,-107.100855
68,-124.275366,-123.923261,-108.517329,-105.567323
69,-128.123804,-123.554772,-110.543116,-107.140111
70,-124.397989,-121.967453,-110.80092,-105.46653
71,-126.050076,-124.995989,-108.795871,-106.434855
72,-128.129491,-123.055245,-109.297669,-104.617874
73,-128.726891,-122.042492,-110.173377,-106.516893
74,-126.689251,-124.862752,-110.323782,-106.72463
75,-126.408334,-122.787349,-111.910129,-108.125253
76,-123.24234,-127.047387,-108.991267,-106.411206
77,-124.700638,-126.703242,-111.602382,-106.540871
78,-127.86526,-128.141968,-110.169894,-108.707963
79,-127.881559,-122.836682,-110.906173,-108.210435
80,-126.508093,-125.206206,-110.243469,-107.577258
81,-128.125211,-124.047346,-108.390229,-107.534477
82,-124.822923,-125.561211,-111.053203,-107.305931
83,-127.945566,-127.19071,-109.212595,-107.576599
84,-126.386848,-120.539026,-108.927596,-108.055517
85,-126.887077,-125.232245,-110.567256,-109.037729
86,-126.005983,-125.112593,-110.110422,-108.912535
87,-125.795984,-121.639604,-110.361946,-107.654124
88,-124.154546,-123.57236,-112.860003,-104.882422
89,-128.055077,-126.61566,-108.544267,-106.719007
90,-124.104485,-122.329622,-111.630841,-108.170626
91,-128.467959,-121.814492,-111.483045,-106.636846
92,-128.943096,-124.564344,-109.48008,-106.497561
93,-127.465402,-123.414601,-112.681817,-109.895256
94,-128.19002,-123.154295,-109.708398,-108.579846
95,-128.277046,-122.7294,-113.088476,-109.629207
96,-126.327011,-122.65754,-109.163499,-106.088631
97,-125.335817,-123.971017,-109.447957,-109.763804
98,-126.596331,-123.883769,-110.792931,-108.164761
99,-127.144657,-123.502714,-114.000299,-107.869543
100,-124.855297,-127.283726,-108.128146,-105.974594
101,-128.421069,-128.063228,-115.15284,-110.777728
102,-128.106305,-123.166558,-110.618724,-107.08528
103,-130.687157,-124.207776,-110.523102,-108.917771
104,-127.201937,-123.26368,-110.906745,-106.284297
105,-127.828036,-126.239122,-111.373562,-107.297515
106,-128.971672,-126.059395,-111.693272,-109.03959
107,-127.422088,-124.383271,-111.093909,-109.494487
108,-126.046879,-127.297109,-112.37817,-108.973399
109,-127.745987,-126.454704,-110.934463,-110.37488
110,-127.22693,-124.742545,-112.407639,-107.675014
111,-128.73793,-122.928822,-111.094176,-107.88637
112,-127.24697,-124.800965,-114.16366,-106.704343
113,-125.680122,-123.069429,-109.42108,-107.185043
114,-127.784534,-123.020339,-110.579047,-108.363576
115,-127.241833,-124.084013,-110.615222,-106.269365
116,-124.243381,-122.83555,-110.927977,-109.251435
117,-128.657618,-120.165102,-111.48017,-109.81141
118,-128.156138,-125.94766,-110.769112,-109.487427
119,-129.308446,-122.402768,-112.693006,-107.746413
120,-125.309831,-125.255137,-112.605194,-103.320838
121,-126.34754,-121.586063,-111.336599,-107.543421
122,-128.206742,-125.897736,-113.164978,-111.011566
123,-125.498784,-123.998022,-110.483049,-107.596434
124,-127.372875,-122.047856,-110.825266,-105.189156
125,-127.47585,-125.478599,-113.642833,-99.876476
126,-126.435701,-125.539821,-113.660348,-107.791754
127,-126.263046,-124.672692,-111.444037,-109.367114
128,-128.115171,-123.914379,-113.515765,-110.384535
129,-130.014791,-124.156493,-110.305977,-108.390996
130,-128.897113,-122.228561,-114.220156,-110.458931
131,-124.581994,-125.497973,-113.574471,-110.848795
132,-126.214418,-125.868013,-111.937987,-109.347341
133,-127.664425,-124.374488,-112.459367,-110.311673
134,-128.493251,-123.17785,-112.447012,-109.729437
135,-126.541393,-126.389959,-114.148239,-110.766445
136,-129.488839,-125.465306,-110.914529,-108.339075
137,-127.353937,-125.790991,-112.418988,-107.428502
138,-130.19536,-124.53328,-115.44831,-110.011035
139,-124.290934,-124.075595,-112.495747,-110.049807
140,-125.192585,-126.434384,-114.428476,-109.643224
141,-125.373671,-124.283938,-114.973333,-109.441509
142,-127.849529,-125.576153,-111.776322,-109.690346
143,-128.814646,-121.908015,-113.203162,-113.09029
144,-126.931841,-123.13842,-110.262915,-111.896346
145,-128.013082,-125.01829,-110.254027,-110.615836
146,-127.524627,-123.628853,-113.279837,-110.542431
147,-126.498512,-124.474442,-114.023148,-109.261382
148,-125.990308,-122.473351,-113.492643,-107.894292
149,-130.71614,-125.791462,-110.588634,-110.376971
150,-125.518594,-124.163698,-114.217337,-108.348326
151,-126.117505,-128.267898,-112.031405,-110.413559
152,-125.459447,-124.52049,-111.370975,-108.855655
153,-127.61111,-125.576187,-111.995026,-112.702569
154,-128.099481,-125.087019,-112.265594,-109.616761
155,-126.835818,-124.899534,-112.571953,-112.211826
156,-127.578441,-123.859372,-114.372226,-107.214878
157,-126.709566,-126.162813,-115.02326,-109.388019
158,-126.470397,-123.604591,-115.022039,-108.696006
159,-125.089811,-130.11089,-113.123251,-112.230946
160,-123.67114,-127.308581,-111.798505,-107.93654
161,-127.811504,-125.46685,-113.273371,-110.111343
162,-126.891356,-126.021815,-110.445751,-109.769528
163,-127.343746,-127.554272,-112.127559,-107.626418
164,-125.125813,-123.319209,-113.640589,-111.168304
165,-129.046054,-124.279832,-112.203567,-110.740308
166,-126.048833,-122.845272,-112.907283,-112.602181
167,-127.763816,-124.465699,-112.080884,-112.722103
168,-129.190469,-125.406583,-112.151637,-107.019748
169,-127.049253,-124.575581,-111.814597,-109.753416
170,-128.098585,-127.485141,-112.616124,-111.74243
171,-127.291057,-127.907436,-111.421848,-106.392876
172,-125.660662,-127.843313,-114.794149,-110.421737
173,-128.482084,-127.049681,-114.132871,-108.632554
174,-126.677434,-124.309115,-112.249356,-110.184889
175,-129.057065,-123.408815,-112.987235,-109.978145
176,-128.643432,-128.386554,-110.593798,-107.330806
177,-125.27465,-126.859433,-112.388169,-109.161356
178,-126.727832,-130.205018,-110.06584,-109.037708
179,-127.668368,-127.123181,-115.083922,-109.733047
180,-127.589955,-126.215071,-108.121717,-105.586425
181,-127.491402,-125.889886,-113.47149,-112.046185
182,-127.074068,-126.202486,-113.375832,-110.674316
183,-124.669264,-127.87676,-113.657992,-112.490286
184,-126.368049,-128.675786,-112.310724,-107.214978
185,-126.695691,-124.392734,-112.364146,-109.07621
186,-127.034623,-126.217357,-114.059749,-107.843348
187,-128.621957,-123.990572,-110.444331,-104.890415
188,-127.760042,-127.575747,-115.398807,-101.912205
189,-126.47959,-124.856391,-115.146738,-108.192063
190,-128.564139,-126.144513,-112.16257,-109.930253
191,-125.441671,-125.964976,-114.541279,-109.643105
192,-124.76965,-128.312786,-114.125653,-109.676988
193,-127.073992,-127.216249,-114.646354,-111.439875
194,-128.058354,-124.532254,-111.453007,-108.410012
195,-126.609082,-128.437389,-112.106583,-113.435627
196,-127.418505,-128.472396,-112.855675,-111.599507
197,-127.490036,-127.855349,-114.581971,-110.89923
198,-127.718593,-126.771622,-113.802034,-109.079106
199,-129.968834,-124.760967,-113.442527,-109.080473
200,-128.285295,-126.189397,-112.685287,-104.372792
201,-127.422529,-127.914975,-111.778912,-107.602258
202,-125.727548,-125.630118,-111.313431,-111.35915
203,-125.169249,-125.716634,-111.425698,-111.010804
204,-128.805598,-127.050365,-114.914568,-110.064034
205,-129.897076,-126.440114,-113.296845,-108.731421
206,-126.474536,-125.497246,-112.683142,-109.05513
207,-125.00815,-125.475546,-109.699694,-111.001407
208,-126.977918,-127.247934,-113.183215,-110.331258
209,-129.19174,-124.484358,-114.43825,-111.50557
210,-128.36534,-125.885673,-116.312879,-112.703039
211,-124.328143,-127.346831,-112.086949,-110.838396
212,-125.272424,-126.277854,-112.82187,-108.895428
213,-126.859436,-127.010359,-112.720704,-110.987329
214,-127.161851,-126.442092,-109.480419,-110.003665
215,-125.93471,-123.776309,-112.051264,-109.030345
216,-127.56134,-123.93218,-113.874725,-111.288669
217,-127.562705,-127.534041,-114.127453,-110.028735
218,-125.720851,-123.467166,-114.01827,-109.500197
219,-125.756282,-125.936276,-113.864257,-113.047813
220,-127.927172,-125.03315,-111.578249,-109.938313
221,-128.420121,-127.967028,-115.786221,-111.151559
222,-127.54393,-126.993446,-113.56241,-113.773916
223,-129.009577,-126.615573,-113.979942,-110.220329
224,-128.794131,-124.48149,-115.504173,-111.700588
225,-126.564516,-122.401974,-112.962391,-111.236564
226,-127.806062,-124.889027,-113.415456,-108.915831
227,-124.930715,-126.275785,-114.155076,-110.455147
228,-125.956062,-126.702465,-112.184944,-109.72227
229,-124.474307,-124.786724,-116.07201,-111.428853
230,-128.79373,-127.747521,-114.096484,-112.453839
231,-126.522833,-126.356967,-115.473573,-111.823697
232,-129.206361,-126.965878,-111.488638,-110.979113
233,-125.964787,-123.689593,-114.165816,-110.578635
234,-128.630997,-124.845527,-113.28901,-110.695968
235,-126.917685,-123.398275,-112.332783,-112.889783
236,-122.836837,-127.058333,-111.694178,-109.992219
237,-127.46556,-124.959837,-113.688598,-112.627257
238,-129.494219,-125.798986,-111.304866,-110.386746
239,-124.945022,-125.31205,-115.251163,-106.716484
240,-125.802962,-124.315778,-113.460405,-108.286437
241,-128.299559,-128.742884,-114.012603,-110.023684
242,-128.783953,-126.337765,-112.127819,-109.689419
243,-128.384822,-127.190178,-109.817194,-111.968392
244,-126.556635,-127.239916,-114.963405,-111.021218
245,-128.987488,-126.911261,-113.612244,-111.86472
246,-127.105477,-126.140176,-112.626571,-112.349587
247,-127.316046,-122.631258,-114.055625,-110.470335
248,-130.815419,-128.52195,-112.627892,-111.032434
249,-126.701377,-124.825248,-111.656171,-106.591325
250,-126.516328,-124.105942,-112.781015,-101.976508
251,-125.795961,-124.654856,-114.115369,-108.491735
252,-128.141299,-125.524601,-114.051492,-111.267905
253,-126.004734,-123.973502,-113.908407,-111.406399
254,-129.466992,-127.490034,-113.947207,-111.998648
255,-129.371104,-125.339288,-114.098625,-111.147889
256,-123.644877,-128.109204,-113.412597,-111.133733
257,-126.000195,-126.570932,-111.729519,-112.842372
258,-127.90184,-126.79996,-109.795417,-111.632165
259,-125.453336,-125.450255,-111.078691,-110.060447
260,-127.042445,-124.760809,-111.681993,-113.886477
261,-128.237985,-126.870945,-112.229697,-109.966583
262,-124.991729,-126.77865,-114.158285,-111.455227
263,-127.853146,-127.437795,-113.240253,-109.506062
264,-128.171772,-124.502766,-114.330284,-109.745928
265,-128.707546,-127.194883,-115.780618,-112.78163
266,-126.56021,-124.842675,-114.150543,-111.185277
267,-127.42651,-125.69964,-114.446899,-111.460522
268,-125.888853,-125.202464,-110.985036,-112.975363
269,-128.22239,-129.514987,-111.203479,-111.396635
270,-123.972845,-125.582867,-112.840159,-112.17299
271,-127.20801,-127.454586,-111.098543,-110.164956
272,-127.602647,-130.514651,-113.88978,-110.100505
273,-126.562161,-124.350023,-111.323296,-112.02548
274,-127.232058,-126.261568,-113.897767,-111.693472
275,-126.936822,-125.093303,-109.231677,-112.778672
276,-125.320619,-125.768802,-115.330314,-113.077833
277,-125.165304,-127.015354,-112.134388,-112.346207
278,-129.437253,-123.55191,-113.243276,-109.709052
279,-128.567491,-124.353552,-112.12985,-111.045528
280,-128.002067,-125.6016,-115.05875,-108.954843
281,-128.148903,-126.131317,-114.712953,-109.936821
282,-126.165886,-124.795884,-111.749923,-111.503994
283,-126.968403,-125.831736,-113.439665,-110.394519
284,-126.215114,-126.624681,-110.705057,-111.632125
285,-126.700477,-124.751492,-114.562645,-111.946211
286,-127.829906,-126.860176,-113.069917,-109.515652
287,-127.709474,-126.141749,-115.153917,-111.222196
288,-128.347101,-124.625502,-112.043959,-109.905718
289,-128.078471,-128.64816,-114.352638,-111.888297
290,-128.347178,-127.861414,-112.600516,-111.152785
291,-127.364694,-122.810907,-114.532859,-110.648862
292,-127.648953,-126.328755,-114.423174,-112.073058
293,-126.453009,-125.866131,-116.275779,-110.771568
294,-128.784089,-126.677347,-112.665063,-111.135731
295,-125.56297,-130.382153,-112.454832,-111.369249
296,-125.300414,-127.033717,-112.74395,-112.016333
297,-129.920111,-124.189476,-109.319935,-115.194004
298,-129.122902,-126.264387,-117.788214,-112.737373
299,-127.263922,-129.326937,-115.936606,-110.101942
300,-127.420051,-123.335238,-108.451459,-105.281173
301,-127.582683,-127.9537,-114.31778,-112.717825
302,-128.932461,-128.628726,-115.569869,-113.742551
303,-128.509687,-124.741543,-111.146823,-112.131106
304,-128.865533,-126.658727,-113.255973,-111.152866
305,-127.621401,-124.325169,-114.379909,-110.988075
306,-128.028412,-126.274809,-111.965526,-110.34113
307,-127.243808,-122.980706,-112.84787,-111.780176
308,-125.066904,-127.003744,-115.157035,-110.561398
309,-126.694829,-127.63344,-115.012533,-110.169817
310,-128.25875,-124.254217,-112.382089,-112.0311
311,-128.396101,-125.190261,-116.828479,-111.284532
312,-124.768326,-126.187621,-112.554042,-111.149676
313,-126.606171,-123.696009,-113.332173,-104.897463
314,-126.748944,-123.962604,-112.879477,-111.40663
315,-124.066559,-127.871705,-112.424911,-109.926467
316,-125.720431,-127.876047,-113.780469,-111.891417
317,-128.618262,-126.940589,-114.725884,-111.378038
318,-127.037442,-123.55911,-113.202983,-112.011417
319,-127.79041,-125.862315,-113.181303,-109.463677
320,-125.589717,-125.357983,-114.786166,-112.155341
321,-129.135984,-129.419318,-114.869892,-110.33133
322,-128.761788,-125.362243,-114.274075,-111.809536
323,-128.72357,-125.983008,-112.402802,-111.976027
324,-126.812216,-126.495022,-115.255883,-111.218997
325,-127.889815,-125.156529,-113.901171,-109.320616
326,-128.216649,-129.901712,-110.224482,-112.097579
327,-126.291016,-126.069628,-114.102988,-112.74093
328,-129.968179,-127.071269,-114.386911,-111.402889
329,-127.146254,-126.717283,-115.950312,-111.049803
330,-131.080861,-124.824763,-113.320838,-111.512444
331,-126.34536,-128.721251,-113.418847,-113.368987
332,-123.817501,-126.973897,-113.045815,-112.54307
333,-124.197457,-126.48706,-113.185086,-112.032701
334,-128.223216,-126.836386,-114.232847,-112.612202
335,-126.786293,-128.013439,-116.078343,-112.271041
336,-127.407074,-128.967634,-112.237999,-112.630824
337,-127.698356,-125.275543,-115.197794,-108.853367
338,-128.366727,-122.89173,-114.591912,-114.388712
339,-125.296299,-124.674464,-111.683644,-112.556366
340,-127.977609,-126.02914,-115.363557,-111.687543
341,-128.039145,-127.639037,-114.704973,-112.434682
342,-127.967548,-125.010971,-114.342117,-109.688182
343,-127.522758,-125.648939,-114.76397,-110.514281
344,-127.594807,-125.36081,-113.799374,-114.404082
345,-127.098513,-127.126998,-112.981577,-113.291325
346,-125.210677,-127.847501,-112.187986,-112.934793
347,-127.304386,-125.344557,-115.128211,-110.332256
348,-126.804494,-124.797129,-112.381701,-112.230067
349,-126.169081,-127.050003,-112.551084,-113.794448
350,-128.206752,-127.319974,-115.947081,-111.522701
351,-127.680919,-126.087423,-113.875593,-112.688923
352,-127.194924,-126.192042,-113.6265,-109.646887
353,-125.051247,-125.404406,-112.243971,-113.320723
354,-126.623359,-127.453833,-114.154685,-113.080946
355,-127.091325,-125.010923,-115.659529,-111.952993
356,-126.248158,-124.960264,-112.182724,-110.882468
357,-128.672266,-127.106138,-115.722233,-111.362694
358,-127.720466,-124.249865,-113.185792,-109.284328
359,-127.222341,-124.907566,-114.29425,-108.304105
360,-129.56848,-130.091759,-112.340352,-110.700425
361,-128.493291,-126.592394,-114.830481,-111.627042
362,-127.789781,-125.147766,-114.707393,-112.662776
363,-127.794212,-127.027494,-114.48309,-112.222728
364,-123.325223,-125.321834,-113.555984,-109.75729
365,-126.367156,-121.773562,-114.049181,-110.982238
366,-127.558896,-123.439767,-112.796651,-109.888362
367,-127.721007,-124.906527,-112.987894,-111.17366
368,-124.239125,-125.55725,-113.29206,-108.612634
369,-127.908006,-123.396095,-112.251447,-113.603009
370,-126.216381,-128.575976,-112.959483,-111.474733
371,-125.355273,-127.861199,-111.150526,-111.270038
372,-128.591632,-125.614789,-115.790979,-110.047125
373,-128.330469,-124.628265,-111.019501,-109.172804
374,-125.536605,-126.565654,-111.62161,-108.906033
375,-128.853175,-124.600634,-113.635859,-101.726605
376,-125.51048,-124.99044,-111.794931,-107.156877
377,-127.667917,-123.973251,-113.800348,-109.656382
378,-125.959888,-125.932661,-113.280502,-109.599578
379,-127.001355,-127.741915,-115.705948,-111.30311
380,-127.654806,-126.750889,-113.538521,-113.976592
381,-126.392933,-125.849713,-113.420784,-112.374298
382,-126.196155,-126.184152,-113.907328,-111.411673
383,-123.923314,-124.889618,-116.962094,-111.262683
384,-124.862993,-127.040434,-113.848843,-110.139354
385,-127.792152,-126.918338,-112.048521,-113.858637
386,-127.435556,-124.809934,-112.789723,-112.835341
387,-128.902327,-128.113601,-114.937406,-112.347268
388,-127.721075,-127.754912,-111.816149,-110.853621
389,-127.54681,-125.883134,-112.557544,-112.336208
390,-126.772016,-125.287764,-114.137603,-112.337977
391,-126.306257,-126.377805,-111.553236,-110.652898
392,-128.604352,-124.556157,-112.294027,-111.356578
393,-126.173187,-127.187964,-114.949979,-113.91384
394,-127.028321,-125.843854,-112.316928,-114.607535
395,-126.490213,-125.107881,-113.389531,-111.331992
396,-130.566648,-125.36886,-113.528391,-112.3563
397,-127.390262,-126.944708,-113.203237,-113.311017
398,-125.684279,-124.492955,-113.973939,-111.766756
399,-128.696712,-123.862464,-111.835634,-113.577384
400,-126.736852,-127.405401,-113.493418,-107.552316
401,-124.817825,-126.344532,-111.362791,-110.308013
402,-129.218894,-123.808836,-111.562527,-112.848299
403,-127.662232,-125.036376,-111.444032,-111.671995
404,-122.939554,-124.957426,-114.595844,-112.247178
405,-127.275275,-126.019907,-114.407207,-114.643284
406,-126.957834,-125.315198,-113.733932,-112.404766
407,-126.446667,-128.616508,-115.177721,-112.83627
408,-126.164827,-125.874694,-110.565809,-112.620106
409,-126.613758,-123.345806,-112.970386,-114.316041
410,-127.357588,-127.913917,-114.937238,-110.084335
411,-128.229694,-127.859533,-114.694348,-109.827442
412,-128.109725,-125.449659,-114.398516,-113.318427
413,-128.767116,-125.599411,-113.430835,-112.194912
414,-127.372165,-126.560532,-115.312456,-114.426591
415,-124.643534,-127.146973,-114.074926,-112.345578
416,-125.275119,-126.496866,-116.149731,-112.672946
417,-130.023672,-126.303867,-113.151609,-113.027591
418,-126.162716,-125.14349,-112.903295,-111.796369
419,-126.119461,-125.127296,-114.444446,-111.023156
420,-127.064634,-124.065035,-110.550301,-109.58279
421,-128.591724,-126.408437,-113.478392,-110.602372
422,-130.453648,-124.831039,-111.934816,-112.387058
423,-126.700843,-126.705858,-117.265325,-113.337641
424,-127.823859,-124.952663,-113.371801,-110.320351
425,-128.229045,-125.343541,-114.477966,-112.631538
426,-127.194774,-127.864764,-114.635245,-112.21785
427,-126.961638,-126.875771,-113.116749,-111.624719
428,-125.999089,-128.588193,-114.254194,-110.429863
429,-126.510621,-124.422286,-114.097453,-111.484622
430,-126.436277,-132.140746,-112.802089,-110.291007
431,-125.162538,-125.803159,-113.362777,-111.490512
432,-126.962009,-127.045957,-112.764174,-113.060145
433,-126.242419,-127.494213,-114.598068,-114.190743
434,-125.696168,-126.411745,-113.741837,-111.283508
435,-128.36235,-124.116189,-113.866387,-111.278956
436,-128.128031,-129.655636,-113.56647,-111.501404
437,-127.340502,-126.877081,-112.265808,-109.607983
438,-126.781036,-126.077972,-117.352463,-102.399898
439,-126.075902,-126.448443,-112.240867,-110.324584
440,-127.323807,-128.484317,-113.23716,-112.597712
441,-127.763233,-126.521093,-114.120891,-111.754871
442,-126.393069,-126.941802,-113.18393,-113.790415
443,-125.563739,-128.090313,-115.4143,-111.069367
444,-127.637328,-128.342131,-112.43625,-112.098117
445,-127.160218,-125.75353,-113.100373,-112.480082
446,-127.608194,-128.255328,-113.595575,-111.961484
447,-126.270432,-126.348794,-113.35557,-110.466076
448,-125.46537,-123.943566,-114.951885,-109.985056
449,-127.309556,-127.484278,-114.718671,-110.835577
450,-127.935957,-127.839974,-114.703813,-112.008562
451,-127.387896,-125.623009,-113.869829,-112.747491
452,-124.267265,-124.454521,-112.010897,-110.971592
453,-126.619321,-125.520441,-114.636936,-111.845206
454,-127.032837,-127.445979,-114.795774,-111.025427
455,-126.43664,-128.391868,-113.133869,-110.024125
456,-125.09375,-126.64169,-113.12696,-112.15778
457,-126.942832,-122.695759,-114.721211,-112.728651
458,-127.204223,-125.116925,-114.901223,-108.583454
459,-128.817001,-125.267242,-115.886606,-112.864303
460,-126.170698,-127.098334,-111.852279,-113.174481
461,-125.36533,-127.272715,-112.868538,-111.678815
462,-125.66632,-127.862637,-113.615437,-112.644303
463,-131.122996,-124.472192,-114.965243,-112.662684
464,-128.21237,-125.211504,-114.322784,-111.469039
465,-128.139542,-124.990335,-112.216226,-113.347415
466,-126.679858,-126.612031,-113.784058,-111.817441
467,-123.956378,-126.099192,-115.619993,-114.084411
468,-126.894141,-125.067588,-113.953493,-112.106042
469,-127.309839,-124.795072,-115.779498,-112.078795
470,-127.237496,-127.565896,-112.053695,-113.654757
471,-127.94064,-127.380064,-113.367499,-110.327152
472,-126.930838,-124.787377,-113.397852,-111.991301
473,-126.686069,-126.627227,-113.00624,-110.642705
474,-126.588697,-126.56905,-112.638277,-110.893364
475,-127.343444,-128.723661,-114.18774,-111.763837
476,-123.210893,-125.204718,-114.687069,-113.036463
477,-126.110581,-125.396194,-112.732333,-112.575287
478,-124.91094,-127.976416,-113.321866,-110.577776
479,-127.541217,-125.262959,-113.702117,-110.537774
480,-125.504682,-123.402761,-109.243801,-108.980412
481,-128.38452,-127.435039,-113.50298,-112.010591
482,-126.280756,-125.203122,-113.083341,-111.478995
483,-126.125957,-127.233453,-112.049488,-113.734011
484,-124.974929,-127.131627,-114.170305,-110.798855
485,-126.863182,-125.61736,-113.961728,-110.63531
486,-125.935552,-127.007002,-114.722377,-112.880228
487,-127.166808,-126.119345,-114.719668,-110.930158
488,-127.253362,-125.090685,-115.008932,-111.551328
489,-127.3545,-124.86345,-115.436959,-111.399381
490,-128.683738,-124.688409,-114.519444,-112.080203
491,-125.630641,-126.537528,-112.592777,-112.43763
492,-126.485925,-126.105591,-113.619865,-111.561722
493,-129.365975,-125.342837,-114.51417,-112.182149
494,-127.655811,-124.867391,-116.436804,-111.074044
495,-127.993152,-125.041447,-113.428269,-110.453378
496,-126.474628,-126.813812,-113.212096,-111.018059
497,-126.286546,-127.414433,-113.729368,-111.121244
498,-126.064847,-124.025472,-114.788552,-112.182964
499,-130.309059,-124.345073,-114.740993,-108.704655
500,-126.487128,-127.98355,-117.034145,-100.660949
501,-125.032257,-124.150341,-113.389606,-110.230503
502,-127.906611,-125.193076,-112.023485,-110.901901
503,-127.606244,-124.968867,-115.922708,-109.249957
504,-127.48228,-125.09481,-113.376744,-112.981931
505,-128.406885,-124.585887,-114.256438,-110.338006
506,-127.356632,-129.414752,-115.492744,-115.961923
507,-126.60518,-128.992134,-114.672504,-110.108049
508,-126.023481,-125.762323,-114.242086,-111.551089
509,-125.028652,-126.161442,-114.807037,-113.468413
510,-126.354816,-124.735614,-113.634165,-111.404405
511,-124.701293,-127.63606,-112.714957,-111.633391
512,-119.581345,-129.205761,-113.654487,-111.710743
513,-127.608907,-126.695529,-113.403334,-110.901928
514,-127.746706,-126.457208,-114.366908,-115.145022
515,-128.820417,-124.325189,-111.615711,-111.711406
516,-125.057493,-125.009216,-112.953416,-113.763844
517,-128.521072,-128.480486,-114.28257,-111.721831
518,-123.666909,-124.460292,-112.45222,-114.788617
519,-127.586314,-126.725117,-113.054352,-110.719674
520,-125.693054,-126.087,-116.315848,-114.11938
521,-129.927095,-126.58989,-112.360094,-111.16328
522,-125.860466,-123.013913,-118.045041,-113.669489
523,-127.102513,-125.833486,-112.478791,-113.37697
524,-122.674098,-127.639042,-115.771427,-110.406349
525,-124.977931,-128.332408,-114.267749,-111.70612
526,-126.014227,-123.052869,-113.605762,-113.042765
527,-127.345181,-124.811474,-112.341426,-113.749749
528,-127.939949,-125.755296,-113.263305,-111.485828
529,-127.959668,-125.532488,-113.820871,-114.725189
530,-127.472101,-128.416688,-113.307196,-112.528434
531,-125.852192,-125.630164,-112.487906,-110.374531
532,-127.552674,-123.329833,-112.193164,-111.904595
533,-127.413582,-124.416421,-112.866978,-113.723255
534,-127.863056,-126.426402,-114.576959,-112.806894
535,-130.702267,-127.297219,-114.38144,-111.53882
536,-123.704892,-128.50555,-115.294689,-110.01857
537,-127.098732,-125.390086,-113.655301,-112.775063
538,-126.709276,-124.80126,-113.175557,-112.30467
539,-130.326416,-129.124986,-114.303316,-112.546642
540,-126.743903,-127.200495,-111.562891,-110.146979
541,-128.113983,-127.595885,-114.052235,-113.155505
542,-127.772927,-125.866766,-113.99741,-109.140954
543,-125.448373,-124.746033,-111.945664,-111.927123
544,-126.073053,-125.040545,-112.382074,-111.490164
545,-129.780744,-124.968864,-115.021376,-111.670919
546,-130.307595,-125.274517,-114.137855,-113.853541
547,-126.370014,-124.028241,-112.922993,-113.557411
548,-126.497712,-125.296699,-113.398169,-112.306505
549,-126.533029,-124.387285,-114.481972,-111.424412
550,-128.114667,-125.561422,-113.318682,-112.40245
551,-125.157842,-127.010435,-115.162593,-111.276626
552,-127.411472,-128.673752,-116.81103,-113.351394
553,-124.557344,-128.086457,-113.430501,-113.360568
554,-125.539607,-126.64823,-118.143691,-108.620218
555,-128.519446,-124.697532,-113.747705,-111.6503
556,-125.287513,-127.285887,-115.441871,-115.720003
557,-125.035137,-125.187319,-113.258791,-111.674197
558,-126.441173,-127.425255,-111.569361,-112.510971
559,-127.09387,-125.368567,-113.07704,-111.316342
560,-127.631428,-126.190512,-114.909387,-111.124589
561,-126.8149,-123.650546,-114.6051,-110.751936
562,-128.884384,-127.413323,-115.001295,-112.667149
563,-126.824971,-127.142156,-114.763967,-104.517724
564,-127.403928,-126.754661,-112.936683,-111.92925
565,-128.369741,-126.474102,-112.316911,-113.778556
566,-126.985361,-126.119212,-111.626138,-113.805868
567,-124.92515,-128.8556,-115.193646,-108.776704
568,-128.090526,-125.580989,-112.463699,-112.97673
569,-128.398088,-126.794246,-113.498727,-113.649482
570,-125.725711,-124.211367,-111.487633,-110.470306
571,-128.051504,-125.683639,-114.204222,-112.820035
572,-128.64972,-124.378643,-115.105027,-112.878016
573,-127.413077,-124.872974,-114.947797,-111.981725
574,-128.504489,-123.895463,-114.931591,-112.797169
575,-128.897966,-127.477495,-113.806475,-111.349612
576,-125.094317,-126.930663,-114.056237,-112.139939
577,-125.652014,-128.013916,-113.575009,-111.66403
578,-127.749588,-122.78316,-113.28193,-111.935912
579,-130.166738,-129.14718,-112.229786,-110.063565
580,-126.12373,-126.937066,-114.271649,-114.448425
581,-125.539992,-126.359666,-112.906884,-110.811773
582,-128.97215,-128.122371,-109.494966,-110.901146
583,-128.284385,-127.384968,-113.542187,-113.69381
584,-126.404864,-128.005786,-115.659319,-111.135173
585,-127.456438,-127.782745,-112.550231,-110.898665
586,-131.150544,-124.498067,-113.069356,-111.708273
587,-128.527487,-127.448031,-112.027575,-109.913212
588,-125.82667,-127.036098,-113.268597,-111.947308
589,-127.189645,-124.864491,-111.22598,-113.225201
590,-129.263263,-123.599179,-115.358917,-112.951342
591,-126.244747,-126.757607,-112.184974,-114.661436
592,-129.455187,-127.919636,-114.151177,-110.3147
593,-126.756703,-124.725571,-114.649454,-110.300737
594,-124.739457,-129.449414,-112.768645,-110.322151
595,-127.165661,-125.624075,-113.67239,-112.143075
596,-126.819259,-124.349146,-115.289087,-110.71133
597,-127.885959,-122.57549,-114.888846,-111.921269
598,-125.776603,-128.803177,-112.724794,-111.303661
599,-128.152632,-125.544973,-115.732935,-113.246945
600,-126.906877,-125.22883,-111.112983,-107.236387
601,-127.543356,-127.661726,-114.078483,-112.581825
602,-127.45334,-123.858268,-113.205793,-112.267665
603,-124.590175,-125.868011,-113.86049,-111.152599
604,-124.957304,-124.810711,-113.378782,-111.906862
605,-126.028115,-125.19796,-113.157963,-110.51248
606,-126.290692,-127.923464,-113.484601,-114.157728
607,-126.967531,-126.25245,-111.468935,-111.701344
608,-127.047898,-125.913318,-111.903376,-113.928397
609,-121.952168,-127.897288,-114.228111,-111.574703
610,-128.554683,-126.728065,-115.053005,-113.438088
611,-129.852732,-126.107334,-114.018052,-112.76103
612,-125.820369,-126.488172,-116.008278,-113.084767
613,-125.907169,-126.376273,-114.80029,-112.182132
614,-125.882876,-126.24484,-116.730462,-114.72151
615,-123.347348,-128.119683,-114.171745,-110.948886
616,-125.434935,-125.706029,-111.485375,-112.886065
617,-125.70789,-127.229119,-113.165502,-112.902973
618,-127.093924,-125.220156,-112.991034,-110.046719
619,-128.357813,-124.797924,-112.919993,-111.706526
620,-126.659746,-127.695463,-112.15837,-110.543976
621,-124.580901,-126.550475,-113.522049,-112.085776
622,-129.077282,-125.60386,-114.599869,-110.280472
623,-127.967114,-124.89854,-114.678531,-108.057986
624,-127.260166,-127.783109,-113.231181,-110.894709
625,-127.693604,-125.932215,-113.521154,-103.666222
626,-123.443858,-127.900607,-111.891955,-106.357482
627,-126.831437,-123.532516,-112.958277,-111.338994
628,-127.985505,-126.936722,-111.822742,-112.346662
629,-126.72948,-127.560186,-114.52631,-110.515707
630,-127.342412,-126.630099,-112.825967,-111.48674
631,-126.17434,-130.543319,-111.08257,-113.449892
632,-126.699619,-127.418264,-113.734796,-110.165936
633,-127.116663,-126.5397,-113.267146,-111.786617
634,-121.699719,-122.960803,-113.79869,-114.312674
635,-126.776889,-128.701382,-113.632183,-113.069241
636,-126.836029,-123.754443,-113.972216,-112.985222
637,-125.52447,-126.846776,-113.748783,-112.966443
638,-126.563046,-125.584676,-113.90966,-113.25914
639,-127.219862,-129.023851,-112.425861,-109.86575
640,-125.481156,-125.982732,-111.3557,-111.032818
641,-125.784544,-125.498559,-111.318412,-112.888161
642,-125.028246,-124.930233,-114.956485,-111.576756
643,-126.888516,-126.139036,-114.540039,-110.59407
644,-122.776462,-125.091639,-115.037713,-112.004488
645,-124.402151,-127.126547,-112.464971,-114.586401
646,-126.273141,-126.251443,-114.350159,-113.018144
647,-125.446619,-124.873067,-113.653902,-114.940585
648,-124.537374,-127.096522,-113.547588,-113.722574
649,-128.156824,-127.627215,-112.299756,-113.838797
650,-124.937282,-125.837187,-114.800378,-112.588406
651,-124.578712,-123.852436,-113.037733,-114.684587
652,-123.854844,-124.504107,-115.423535,-110.821001
653,-126.639237,-127.137305,-111.800426,-112.643858
654,-126.994487,-126.355216,-114.640079,-112.883234
655,-124.050875,-124.339415,-109.22434,-112.834048
656,-126.601442,-128.298705,-112.593689,-112.286624
657,-125.958228,-126.002728,-112.043776,-110.740256
658,-123.40787,-126.042502,-114.295332,-108.569317
659,-126.978199,-124.815793,-111.758922,-111.973614
660,-123.332735,-128.802346,-113.431712,-108.73019
661,-125.383273,-125.761111,-113.622388,-109.76461
662,-128.600726,-125.588337,-112.800916,-111.091181
663,-127.132599,-126.183837,-113.275456,-112.742124
664,-124.463473,-124.500413,-113.04596,-113.403108
665,-125.263059,-124.965862,-111.575979,-114.34958
666,-127.499999,-124.928882,-113.59432,-111.941408
667,-124.234369,-126.365603,-112.123975,-111.560176
668,-125.980412,-127.80287,-112.166003,-112.530656
669,-124.207549,-124.386567,-113.043835,-111.457741
670,-124.507085,-125.234415,-113.005923,-111.670159
671,-123.310213,-126.324644,-111.746655,-110.663704
672,-123.356589,-129.584682,-112.747398,-111.648965
673,-124.283364,-125.475989,-114.070188,-113.866933
674,-124.851906,-126.554916,-110.67071,-110.329812
675,-124.145182,-124.292127,-113.736703,-110.158305
676,-125.169758,-128.68638,-114.656387,-110.859651
677,-123.438426,-126.728651,-112.7384,-111.121789
678,-127.767836,-125.445022,-114.526004,-112.743786
679,-126.023054,-127.29378,-114.403695,-112.638423
680,-125.937457,-126.754635,-113.815858,-111.387087
681,-125.089314,-124.200947,-115.296573,-113.913345
682,-124.833006,-125.627244,-112.404469,-112.888156
683,-126.384867,-124.566691,-113.356267,-115.184604
684,-123.488263,-124.714704,-112.574635,-115.04271
685,-126.165174,-129.166755,-114.161,-111.461489
686,-123.884506,-127.90714,-115.407987,-111.020906
687,-125.547026,-127.632016,-112.843129,-112.031176
688,-125.18308,-124.062361,-111.768366,-103.041556
689,-125.481591,-128.103286,-113.484583,-110.210524
690,-124.767328,-125.586704,-112.8972,-111.95419
691,-126.774885,-128.1782,-110.426675,-111.590356
692,-123.794379,-125.949733,-113.339426,-112.670097
693,-125.239375,-128.847713,-112.885205,-112.522106
694,-126.175623,-126.874812,-115.337967,-112.28188
695,-123.980081,-126.377468,-114.146678,-112.720624
696,-124.650936,-124.697221,-115.73982,-110.551252
697,-125.61609,-125.295341,-112.241937,-113.142675
698,-125.294372,-126.108133,-113.123623,-111.436533
699,-123.587525,-124.396327,-113.284004,-112.155735
700,-125.45271,-125.261938,-115.727072,-112.498196
701,-124.879247,-127.94648,-114.162081,-114.210459
702,-124.391434,-125.849599,-111.848075,-112.911171
703,-126.075311,-125.338435,-114.781902,-112.289254
704,-125.163275,-125.856522,-111.834215,-113.650413
705,-126.13431,-127.983493,-112.136671,-111.656966
706,-124.643087,-124.281862,-112.427712,-114.401207
707,-125.915037,-123.895321,-114.629664,-112.549666
708,-126.247279,-123.762897,-114.906322,-112.528212
709,-126.093526,-127.124699,-110.969595,-113.565428
710,-125.0576,-127.766957,-111.036667,-111.436419
711,-125.598737,-124.466604,-113.499547,-112.663719
712,-126.589017,-126.525266,-114.439454,-112.643528
713,-126.469821,-129.678493,-112.029101,-109.742813
714,-127.719151,-123.48617,-114.289205,-113.509153
715,-124.860785,-127.232549,-114.765456,-111.643941
716,-126.550583,-125.138377,-112.477609,-111.616213
717,-126.284725,-126.780607,-115.639998,-111.131106
718,-127.102512,-124.473396,-111.254074,-111.05494
719,-126.244658,-123.991141,-113.470145,-110.920655
720,-125.651801,-126.607556,-114.165822,-112.055258
721,-125.779973,-124.424728,-111.268436,-114.282317
722,-124.484816,-125.03632,-112.257301,-113.278641
723,-125.220623,-126.508839,-111.913648,-113.933519
724,-126.339499,-124.959846,-113.354572,-109.976655
725,-128.842329,-126.95361,-115.221432,-112.215157
726,-125.19959,-126.123173,-113.139566,-113.372772
727,-124.223706,-124.983159,-113.438932,-111.684389
728,-125.379288,-127.94922,-111.139726,-111.831166
729,-125.938279,-129.155042,-115.004728,-110.940489
730,-127.708845,-125.135828,-113.447491,-112.493639
731,-124.338023,-125.662216,-112.991885,-111.711391
732,-125.578949,-126.529739,-112.74066,-112.237747
733,-126.887424,-125.494466,-116.478808,-112.748904
734,-126.467342,-123.242454,-112.722653,-112.744727
735,-129.682776,-125.290055,-111.138089,-112.897116
736,-125.961502,-125.530281,-117.601461,-111.818006
737,-124.727644,-129.030948,-114.647051,-110.216296
738,-128.280637,-126.050185,-112.271138,-114.762714
739,-123.857808,-125.313587,-114.547752,-114.625936
740,-126.203752,-123.697243,-112.669028,-111.753935
741,-125.206705,-126.065481,-114.514658,-113.111106
742,-127.737934,-125.338592,-114.525017,-112.380972
743,-126.544131,-129.147103,-114.920428,-112.885598
744,-124.596542,-129.270575,-112.983957,-112.996445
745,-126.92267,-123.890223,-113.361597,-113.422344
746,-128.597487,-127.416926,-112.527441,-111.34201
747,-128.39621,-126.96017,-115.749456,-109.024396
748,-124.68258,-124.631014,-114.026239,-113.490993
749,-123.995731,-126.003715,-112.379911,-113.195001
750,-123.91764,-127.294034,-111.718718,-105.273331
751,-125.792687,-124.668496,-113.904107,-107.070507
752,-124.607003,-126.359858,-111.728937,-109.3787
753,-127.912105,-125.974685,-111.934212,-110.041344
754,-128.41123,-123.945988,-112.202623,-111.046923
755,-127.425712,-125.381062,-113.69164,-111.939522
756,-126.024163,-127.069331,-113.623636,-111.938653
757,-126.195775,-127.5888,-113.446381,-113.50872
758,-126.594483,-126.65526,-114.478741,-111.035891
759,-127.662142,-126.342811,-112.442714,-111.479698
760,-126.472929,-127.410692,-112.903177,-112.265412
761,-124.167802,-127.689616,-111.158462,-112.618901
762,-125.786759,-124.921597,-112.585749,-109.916654
763,-125.212702,-126.39356,-113.825243,-110.73921
764,-120.964718,-124.456204,-112.000668,-111.077909
765,-127.488825,-126.654629,-112.773362,-110.550602
766,-126.069023,-126.644417,-113.317245,-111.695421
767,-124.935419,-124.742003,-112.888367,-111.083373
768,-127.484086,-129.313599,-112.993927,-109.125254
769,-127.764504,-125.508275,-111.998198,-111.141474
770,-125.395076,-125.315996,-115.239054,-111.970997
771,-126.512828,-126.977658,-112.133112,-112.095489
772,-124.563717,-126.27592,-111.563152,-113.33966
773,-126.128756,-123.121321,-114.905368,-108.850752
774,-126.288753,-124.313065,-113.713678,-112.790793
775,-127.405999,-127.291185,-112.670967,-111.465469
776,-124.224555,-126.069431,-112.364633,-113.527491
777,-127.792924,-127.51517,-112.627906,-111.941462
778,-125.771822,-126.527986,-111.295728,-111.64478
779,-129.191108,-125.82956,-113.174457,-110.691119
780,-129.714211,-122.955169,-106.304389,-105.655064
781,-125.378301,-125.515152,-112.947267,-112.384377
782,-128.01365,-123.029304,-112.29443,-111.525732
783,-125.755742,-125.3992,-115.59052,-109.417441
784,-123.740353,-126.147936,-112.82204,-112.622873
785,-128.739107,-126.995187,-112.9275,-110.551427
786,-125.573201,-124.854995,-116.082296,-109.927729
787,-125.499091,-125.159945,-112.781318,-112.861207
788,-126.555299,-124.070753,-112.989331,-111.925244
789,-127.294281,-124.758393,-111.601182,-111.532957
790,-131.80731,-124.861947,-115.219359,-113.496719
791,-127.523434,-126.687965,-111.794837,-114.374581
792,-128.232571,-126.144464,-114.743888,-112.814829
793,-126.715123,-125.725402,-112.916746,-109.856565
794,-125.082955,-123.805753,-112.150326,-113.336139
795,-128.600298,-127.087521,-114.062542,-112.116678
796,-127.162546,-127.507675,-115.65282,-111.221457
797,-126.531504,-125.008815,-110.920814,-110.00278
798,-127.132174,-126.735839,-111.085105,-110.219923
799,-129.332212,-127.026003,-112.017021,-111.105375
800,-127.703676,-124.736946,-114.149836,-108.954943
801,-125.934112,-124.76436,-111.649494,-111.76811
802,-126.848852,-123.864129,-116.336153,-112.719671
803,-127.17749,-122.892026,-114.751741,-112.469972
804,-127.028706,-124.682001,-112.432888,-111.572642
805,-126.878966,-122.550493,-111.935204,-112.300935
806,-126.189359,-125.091783,-114.227426,-113.066758
807,-125.668847,-126.675823,-111.663164,-113.968562
808,-125.244784,-126.50941,-112.988669,-109.495822
809,-127.310755,-126.613056,-114.111725,-109.795311
810,-126.23854,-126.987622,-111.290775,-114.595126
811,-127.616278,-124.279403,-112.853157,-112.556521
812,-125.115472,-126.145424,-114.767841,-113.238068
813,-125.948899,-128.559715,-111.935061,-105.552729
814,-128.739356,-123.078469,-112.579039,-111.040744
815,-124.778917,-123.95538,-111.287518,-110.307137
816,-126.833543,-123.68937,-112.773402,-110.077062
817,-126.643808,-124.600088,-112.616826,-113.100123
818,-125.838514,-124.82047,-111.231736,-114.087814
819,-128.085102,-125.795075,-110.293342,-112.423996
820,-129.372769,-125.288531,-112.707335,-112.329969
821,-128.23324,-125.156083,-113.858193,-111.609491
822,-127.285561,-126.123772,-113.146566,-115.297554
823,-127.168865,-125.384047,-110.840873,-112.919327
824,-127.686245,-124.174876,-113.160517,-111.559607
825,-126.663169,-126.483828,-112.391689,-111.461616
826,-126.807875,-125.982788,-114.65679,-109.33299
827,-125.1829,-124.410259,-111.365859,-111.073075
828,-126.401133,-124.951839,-112.406735,-109.77463
829,-126.417904,-127.789282,-111.756342,-113.311877
830,-125.437269,-125.273587,-113.182581,-113.371665
831,-127.021783,-124.649903,-113.25131,-114.206038
832,-126.783829,-126.985536,-112.278535,-110.761728
833,-127.854508,-127.715647,-110.875081,-111.710975
834,-128.437986,-126.555935,-111.286939,-110.749585
835,-124.883563,-124.871907,-113.735426,-110.800032
836,-125.539971,-129.082293,-113.463123,-112.391138
837,-126.850971,-126.883459,-113.139455,-112.363077
838,-127.92415,-124.03615,-112.899635,-114.467191
839,-127.368692,-127.282184,-114.562958,-109.618247
840,-125.95554,-124.784686,-113.034739,-112.990441
841,-124.897591,-125.882833,-114.564239,-112.581884
842,-125.282977,-127.273665,-111.393567,-112.795624
843,-123.445228,-123.461485,-110.794063,-111.490416
844,-124.789014,-124.433224,-111.631211,-108.542974
845,-127.156308,-126.362315,-111.412595,-113.941014
846,-126.977787,-125.100205,-115.248434,-111.17265
847,-124.828887,-123.475512,-113.109596,-112.658491
848,-126.173292,-127.220718,-111.961515,-111.730754
849,-126.234254,-125.564326,-112.58623,-112.776137
850,-125.473519,-126.046799,-113.566357,-111.582909
851,-126.801859,-126.886324,-111.416993,-111.774968
852,-125.365831,-124.307104,-111.712856,-112.78897
853,-128.857117,-126.18724,-113.033429,-110.815254
854,-125.895057,-126.610664,-113.320466,-112.68077
855,-128.205141,-127.871707,-112.037764,-112.12836
856,-125.093573,-125.523005,-114.33594,-113.843337
857,-127.074422,-126.417431,-111.908562,-109.802401
858,-123.751624,-126.404514,-111.947546,-111.945127
859,-127.123656,-123.676787,-114.350241,-109.443933
860,-126.81889,-124.895172,-111.86125,-111.414944
861,-130.288424,-128.361093,-115.910649,-113.275414
862,-128.417,-125.482275,-112.13366,-110.781815
863,-128.273539,-123.369092,-112.867807,-112.386964
864,-128.480346,-125.803624,-112.167755,-111.590707
865,-126.19628,-131.011773,-112.035372,-111.942798
866,-129.165067,-124.324986,-112.181354,-110.04542
867,-124.196525,-125.947804,-112.181656,-112.485971
868,-124.07607,-127.631954,-112.273497,-110.04909
869,-127.179658,-124.401391,-111.854782,-112.307212
870,-127.910668,-125.413592,-113.715287,-110.646098
871,-125.444144,-125.746246,-112.406168,-111.428616
872,-128.760557,-125.633925,-112.938964,-110.32246
873,-127.341628,-126.984528,-111.520263,-111.031929
874,-126.430482,-127.683808,-114.297416,-109.530984
875,-125.366579,-127.471508,-110.198883,-104.918192
876,-126.526042,-125.211639,-111.876278,-104.640871
877,-126.324217,-125.236583,-113.300029,-112.64597
878,-127.805461,-125.33345,-113.37812,-114.25308
879,-126.284373,-124.851768,-111.107437,-110.94143
880,-128.01905,-124.05587,-112.58086,-109.064134
881,-128.118619,-128.105856,-113.479195,-109.59311
882,-126.894978,-126.312518,-113.847863,-112.381781
883,-127.430283,-126.22877,-112.144847,-111.532245
884,-124.788522,-124.451515,-112.677309,-111.437176
885,-126.730051,-124.645786,-114.568438,-114.643766
886,-126.094835,-126.222368,-112.75266,-110.103577
887,-126.831268,-125.752527,-112.752506,-109.719345
888,-125.632388,-124.296974,-109.569298,-111.423425
889,-127.630422,-126.353648,-114.36063,-110.189879
890,-124.592095,-127.189912,-111.51501,-113.677555
891,-126.49199,-126.935116,-110.367851,-111.902213
892,-125.763369,-125.953813,-111.651013,-110.649105
893,-126.451777,-125.832901,-110.158772,-111.79442
894,-127.886362,-126.788852,-112.935118,-112.060373
895,-126.881773,-126.519378,-112.250138,-108.433715
896,-128.066958,-125.777282,-111.441021,-109.283354
897,-126.910152,-125.324861,-113.869146,-111.845447
898,-125.010505,-127.975365,-114.048269,-110.421254
899,-129.222848,-130.483529,-112.407909,-110.511102
900,-128.388503,-123.69595,-111.741337,-107.454377
901,-126.793895,-126.863096,-111.409765,-113.515084
902,-125.079748,-125.764017,-112.272691,-113.919353
903,-126.934211,-128.004079,-114.985512,-112.138497
904,-127.685754,-125.90265,-110.930998,-112.267973
905,-126.323131,-127.758181,-113.308722,-113.13088
906,-128.556191,-128.04213,-112.284335,-112.937463
907,-127.2504,-125.337196,-112.150188,-111.282254
908,-129.859131,-124.490696,-113.055103,-110.561316
909,-127.600468,-124.615927,-113.225943,-111.633476
910,-127.114395,-124.031071,-114.044053,-109.918818
911,-126.033698,-124.422345,-112.449472,-113.474629
912,-126.87741,-125.546478,-112.542889,-111.405541
913,-127.472511,-127.420896,-113.717074,-109.70978
914,-128.016456,-123.40615,-112.388079,-112.413189
915,-127.473426,-129.143216,-111.196879,-111.4646
916,-125.605817,-125.100546,-113.809839,-112.937944
917,-128.470794,-125.684252,-110.474446,-112.433994
918,-126.595858,-127.722582,-112.112774,-110.290789
919,-128.331492,-125.430819,-115.172175,-111.851396
920,-127.329826,-127.694453,-111.425678,-110.629401
921,-128.718348,-126.31636,-114.045193,-109.986579
922,-126.320532,-126.712634,-110.456675,-113.021087
923,-124.636619,-128.447007,-113.210461,-111.684366
924,-124.349298,-126.724862,-110.421901,-114.267289
925,-128.255881,-123.931758,-112.737283,-111.291804
926,-126.125202,-124.726633,-110.917372,-111.91613
927,-130.080456,-127.959711,-111.574408,-111.551207
928,-127.891277,-123.159343,-114.032363,-110.421907
929,-126.592486,-125.392999,-114.647978,-109.972892
930,-126.748566,-124.886343,-114.28101,-110.625697
931,-127.251266,-123.200069,-112.977989,-112.996879
932,-127.20596,-124.474483,-113.212675,-113.282284
933,-123.747615,-125.639185,-111.326303,-111.301503
934,-125.861665,-124.24516,-109.15027,-109.636504
935,-127.937291,-127.093687,-115.108905,-110.959419
936,-127.608548,-126.242264,-112.514625,-111.922719
937,-126.219314,-124.611269,-114.098849,-111.976938
938,-125.057184,-128.503972,-114.535941,-103.819746
939,-127.566017,-124.941843,-111.733526,-108.770053
940,-126.697669,-125.23162,-112.624057,-108.549308
941,-127.588437,-124.299898,-112.027732,-111.547395
942,-127.125024,-126.198517,-110.950468,-110.691049
943,-127.060249,-122.568902,-111.946715,-113.06241
944,-127.634514,-128.084362,-113.434301,-110.778215
945,-126.562142,-127.028576,-112.747701,-110.871661
946,-125.0289,-125.968863,-114.022766,-114.260898
947,-124.806781,-127.028336,-110.842464,-112.01423
948,-128.830209,-124.70545,-110.235497,-111.673495
949,-124.481947,-124.785927,-113.502838,-112.334214
950,-129.694909,-126.548582,-112.000731,-110.155907
951,-124.33812,-126.034165,-111.616819,-111.410206
952,-126.545962,-124.216376,-114.520005,-112.663408
953,-127.730114,-126.611151,-111.398666,-109.99138
954,-128.977241,-123.663566,-113.363708,-110.504331
955,-126.323015,-126.311485,-116.100026,-110.95661
956,-123.665703,-128.496324,-112.182874,-111.26847
957,-127.336405,-125.522217,-114.006928,-110.454994
958,-124.725457,-125.273215,-113.620987,-109.888701
959,-127.119569,-127.154187,-113.957537,-110.806768
960,-123.330451,-127.391712,-111.628327,-106.314045
961,-129.824927,-126.523869,-111.422014,-108.344121
962,-125.457607,-127.768774,-112.15932,-112.247896
963,-128.94877,-125.613165,-112.889866,-111.164569
964,-120.101218,-128.156016,-113.010586,-110.519063
965,-129.511931,-125.238103,-115.054408,-111.931509
966,-128.246482,-125.179588,-114.553392,-111.26754
967,-126.958651,-124.08801,-109.992021,-109.675677
968,-126.02803,-122.999642,-113.092736,-111.651531
969,-125.619937,-125.585652,-112.946875,-111.539956
970,-127.965706,-124.261015,-112.262573,-109.917663
971,-126.63877,-124.808272,-111.751481,-112.687271
972,-126.270131,-124.975967,-112.983614,-113.502741
973,-126.744282,-128.079571,-113.081102,-110.964693
974,-127.207743,-126.332836,-111.707843,-112.081079
975,-127.067047,-126.53562,-114.062588,-111.27124
976,-125.221668,-127.476444,-111.951514,-112.017828
977,-126.330954,-127.781229,-110.071636,-112.167798
978,-126.996122,-125.924899,-110.702102,-112.160953
979,-127.188147,-123.025175,-112.871415,-109.778321
980,-124.82364,-124.643738,-111.901423,-113.741795
981,-126.995431,-125.351481,-113.49039,-111.48292
982,-125.506834,-126.065778,-115.616591,-111.524312
983,-128.88167,-123.21573,-112.107848,-113.030478
984,-128.087259,-126.829917,-116.695384,-113.377986
985,-124.160864,-124.843652,-114.031678,-111.299736
986,-126.669452,-125.597879,-112.762945,-110.476446
987,-126.027486,-124.8748,-110.828695,-111.104457
988,-126.510207,-125.609127,-112.832445,-112.361661
989,-129.566424,-125.877561,-115.200034,-109.351617
990,-128.337979,-123.691349,-111.186187,-108.096547
991,-130.09841,-126.550178,-111.197177,-111.505781
992,-128.275049,-126.350394,-112.08216,-112.323583
993,-125.530552,-125.210307,-113.287698,-111.561431
994,-128.228089,-123.700078,-112.794772,-112.825004
995,-126.943954,-125.792098,-115.235178,-110.184378
996,-124.182491,-125.608674,-114.913294,-110.706974
997,-126.656491,-125.266139,-112.49215,-111.603191
998,-129.22928,-126.536059,-113.441749,-115.743224
999,-126.188484,-125.551649,-112.4024,-107.986309
1000,-127.613952,-125.265029,-116.890842,-96.171877
1001,-126.105652,-126.12729,-114.233342,-107.801291
1002,-127.747358,-126.568784,-114.015918,-111.266655
1003,-125.201261,-128.131806,-112.481161,-113.632208
1004,-121.456105,-125.053933,-113.741353,-113.228517
1005,-129.713253,-126.065199,-112.29708,-112.652765
1006,-128.765491,-125.982756,-113.667094,-113.700107
1007,-127.93933,-125.368638,-113.163001,-115.885437
1008,-129.502633,-125.679072,-114.243726,-110.850719
1009,-129.759059,-127.546728,-118.716894,-113.885406
1010,-129.333618,-128.108027,-114.098197,-111.694666
1011,-126.437619,-125.284933,-116.513029,-114.188521
1012,-131.32234,-127.911984,-113.017131,-113.85648
1013,-129.915791,-128.675808,-115.182591,-114.609865
1014,-126.977492,-127.072228,-112.774388,-111.885536
1015,-129.116825,-126.372836,-113.420138,-114.587608
1016,-128.590413,-126.479741,-115.644313,-115.068266
1017,-130.108466,-129.036608,-112.118588,-111.633134
1018,-131.10681,-127.348414,-113.550582,-114.032212
1019,-126.576682,-127.799226,-116.393474,-113.159254
1020,-126.964869,-126.200982,-111.399322,-114.967371
1021,-128.199826,-126.963533,-115.875244,-112.456204
1022,-129.017319,-127.6295,-115.828407,-112.497654
1023,-125.771317,-126.407441,-116.503815,-115.784808
